﻿respondent_id,EIA_ID,Utility_Type,Cutoff_Year_Exclusive,Beginning_Year_Inclusive,State,Total_MWh_2020,BA_Code_2020,Rank_MWh_2020,Rank_Revenue_2020,Total_RCust_2020,Total_NM_SCustomers_2020,Total_Cust_2020
2,195,Investor Owned,,,AL,50603071,SOCO,8,8,1295794,NA,1504744
3,213,Investor Owned,,,AK,384981,NA,1054,906,14901,NA,17403
6,733,Investor Owned,,,VA,14212374,PJM,65,59,456500,1653,537055
7,803,Investor Owned,,,AZ,29344407,AZPS,21,20,1150194,117957,1288703
8,814,Investor Owned,,,AR,20748145,MISO,40,39,598506,1049,718279
9,963,Investor Owned,,,NJ,4804403,PJM,185,94,444924,38201,490831
10,1167,Investor Owned,,,MD,15869304,PJM,57,146,268986,34930,324238
11,1179,Investor Owned,,,ME,939041,ISNE,542,368,98080,1006,113743
12,19545,Investor Owned,,,SD,1465737,WACM,409,328,57626,NA,71008
13,1796,Investor Owned (Acquired),,,RI,NA,0,NA,NA,NA,NA,NA
14,1998,Investor Owned (Acquired),,,MA,NA,NPCC,NA,NA,NA,NA,NA
15,2886,Investor Owned (Acquired),,,MA,NA,NPCC,NA,NA,NA,NA,NA
17,3046,Investor Owned,,,NC,36297536,CPLE,14,18,1236396,8853,1448325
19,3249,Investor Owned,,,NY,2584095,NYIS,289,176,211342,10118,244944
20,3252,Investor Owned (Acquired),,,IL,NA,MAIN,NA,NA,NA,NA,NA
21,3253,Investor Owned (Acquired),,,IL,NA,MAIN,NA,NA,NA,NA,NA
22,3265,Investor Owned,,,LA,8258863,MISO,121,100,247357,3321,290021
23,3266,Investor Owned,,,ME,4671939,ISNE,186,111,495573,5572,545256
24,3278,Investor Owned,,,OH,NA,ERCOT,NA,NA,NA,NA,NA
25,3292,Investor Owned (Acquired),,,VT,NA,NPCC,NA,NA,NA,NA,NA
27,3542,Investor Owned,,,OH,15546478,PJM,58,138,391975,1881,450102
28,3597,Investor Owned,,,PA,116315,PJM,1706,1639,5856,45,6958
29,3597,Investor Owned (Exit),2000,,PA,116315,MAAC,1706,1639,5856,45,6958
30,3755,Investor Owned,,,OH,15092191,PJM,60,112,502223,961,571596
31,4062,Investor Owned (Acquired),,,OH,NA,ECAR,NA,NA,NA,NA,NA
32,4110,Investor Owned,,,IL,55607142,PJM,6,43,1044873,17383,1222722
33,4111,Investor Owned (Acquired),,,IN,NA,0,NA,NA,NA,NA,NA
34,4089,Investor Owned (Acquired),,,MA,NA,NPCC,NA,NA,NA,NA,NA
35,4148,Investor Owned (Acquired),2005,,NH,NA,NPCC,NA,NA,NA,NA,NA
36,4226,Investor Owned,,,NY,31160876,NYIS,17,24,538931,35436,689581
37,4184,Investor Owned (Acquired),,,NH,NA,NPCC,NA,NA,NA,NA,NA
39,4176,Investor Owned,,,CT,10179973,ISNE,101,77,282490,38832,328128
40,4247,Investor Owned,,,WI,831059,MISO,591,1059,82,NA,103
41,4254,Investor Owned,,,MI,31446240,MISO,16,13,1630424,4660,1855672
42,4922,Investor Owned,,,OH,9613560,PJM,104,277,213869,464,254571
43,5027,Investor Owned,,,DE,4056851,PJM,210,539,30220,5990,41896
44,5109,Investor Owned,,,MI,40629495,MISO,11,7,2019921,5620,2226500
45,5416,Investor Owned,,,NC,55703047,DUK,5,10,1788300,9863,2084380
46,5487,Investor Owned,,,PA,7921432,PJM,127,241,139922,3289,164494
47,5389,Investor Owned (Acquired),,,MA,NA,0,NA,NA,NA,NA,NA
48,5659,Investor Owned (Acquired),,,MI,NA,MAIN,NA,NA,NA,NA,NA
49,5701,Investor Owned,,,TX,6393492,EPE,150,133,297495,5753,335398
51,5860,Investor Owned,,,MO,3975534,SWPP,215,163,133019,29,157395
53,6077,Investor Owned (Acquired),,,NH,NA,NPCC,NA,NA,NA,NA,NA
54,6374,Investor Owned,,,MA,272656,ISNE,1309,1415,7275,1861,8639
55,6455,Investor Owned,,,FL,39230213,FPC,13,11,1655304,34651,1863801
56,6452,Investor Owned,,,FL,113663998,FPL,1,1,4548301,23792,5136952
57,7140,Investor Owned,,,GA,80814387,SOCO,2,4,2277256,NA,2614431
59,26510,Investor Owned,,,NH,445902,ISNE,939,610,34240,714,39733
61,7601,Investor Owned,,,VT,4040763,ISNE,212,121,222757,6259,267602
62,7801,Investor Owned,,,FL,10767926,SOCO,94,61,412526,5666,470680
63,#N/A,Investor Owned (Acquired),2015,,LA,NA,0,NA,NA,NA,NA,NA
65,19547,Investor Owned (Acquired),,,HI,6183094,HECO,152,45,273777,56462,307378
66,8778,Investor Owned (Acquired),2008,,MA,NA,NPCC,NA,NA,NA,NA,NA
68,8901,Investor Owned,,,TX,NA,ERCOT,NA,NA,NA,NA,NA
69,9162,Investor Owned (Acquired),,,IA,NA,MAIN,NA,NA,NA,NA,NA
70,9191,Investor Owned,,,ID,14160175,IPCO,66,71,470804,6870,560394
71,9208,Investor Owned (Acquired),,,IL,NA,MAIN,NA,NA,NA,NA,NA
73,9324,Investor Owned,,,IN,14520575,PJM,63,48,411748,738,470992
74,9273,Investor Owned,,,IN,12693227,MISO,73,58,450244,512,509910
75,9392,Investor Owned (Acquired),,,IA,NA,MAIN,NA,NA,NA,NA,NA
77,9726,Investor Owned,,,NJ,10443211,PJM,99,56,838418,40339,922521
79,10000,Investor Owned,,,MO,8053771,SWPP,124,90,262729,549,296549
80,10005,Investor Owned,,,KS,9181326,SWPP,110,88,293297,453,334500
81,22053,Investor Owned,,,KY,5116478,PJM,177,153,134284,66,165763
82,10171,Investor Owned,,,KY,16807541,LGEE,55,47,438537,573,533117
83,10331,Investor Owned,,,TN,1661014,PJM,384,367,42256,35,48444
84,11118,Investor Owned,,,SC,208175,DUK,1501,1487,4895,NA,6165
88,11249,Investor Owned,,,KY,11008049,LGEE,90,75,371300,626,421842
89,11479,Investor Owned,,,WI,3103765,MISO,266,181,138175,1141,159249
91,11522,Investor Owned (Acquired),,,ME,NA,NPCC,NA,NA,NA,NA,NA
93,11804,Investor Owned,,,MA,13285077,ISNE,69,73,547895,58987,642261
94,11843,Investor Owned,,,HI,958689,NA,535,217,62749,13325,73304
95,12199,Investor Owned,,,ND,2039594,MISO,335,315,78812,8,93249
96,12390,Investor Owned,,,PA,8782987,PJM,115,307,134985,6047,165363
98,12647,Investor Owned,,,MN,7889945,MISO,128,126,123617,576,148332
99,12686,Investor Owned,,,MS,9128910,SOCO,111,97,155341,188,189483
100,12685,Investor Owned,,,MS,12401873,MISO,77,74,379705,103,453497
101,12796,Investor Owned,,,WV,12091976,PJM,80,81,333844,363,393787
102,12825,Investor Owned (Exit),,,MT,NA,0,NA,NA,NA,NA,NA
105,13032,Investor Owned,,,IL,86220,MISO,1777,1643,4356,22,5263
106,#N/A,Investor Owned (Acquired),,,SC,NA,0,NA,NA,NA,NA,NA
107,13214,Investor Owned,,,RI,3986031,ISNE,214,102,392129,5310,437256
108,13407,Investor Owned,,,NV,20144059,NEVP,42,35,855549,58608,967407
114,13478,Investor Owned,,,LA,5449556,MISO,168,157,186060,8573,206965
115,13511,Investor Owned,,,NY,7739050,NYIS,131,244,125533,9060,170932
116,13549,Investor Owned (Acquired),,,RI,NA,0,NA,NA,NA,NA,NA
117,13573,Investor Owned,,,NY,18723241,NYIS,46,125,206712,21878,273872
119,13756,Investor Owned,,,IN,14620306,MISO,61,52,418871,677,479184
120,13781,Investor Owned,,,MN,28141222,MISO,23,23,1171591,5426,1313454
121,13780,Investor Owned,,,WI,6478007,MISO,147,119,213577,151,254197
122,12825,Investor Owned,,,MT,5946918,NWMT,159,116,307237,3060,382555
123,13815,Investor Owned,,,WI,173240,MISO,1586,1459,11961,61,13700
126,13998,Investor Owned,,,OH,18548010,PJM,48,92,636759,1716,727850
127,14006,Investor Owned,,,OH,30430290,PJM,20,72,466939,3941,577801
128,14015,Investor Owned,,,OH,109944,OVEC,1723,2033,.,NA,1
130,14063,Investor Owned,,,OK,24590220,SWPP,30,41,679548,129,794788
131,14154,Investor Owned,,,NY,2097226,NYIS,328,351,61576,8746,76021
132,14232,Investor Owned,,,MN,2559957,MISO,293,295,49403,42,62465
133,14328,Investor Owned,,,CA,42580379,CISO,10,6,2787976,553932,3127219
134,14354,Investor Owned,,,UT,24850547,PACE,28,34,856983,611,958340
135,14940,Investor Owned,,,PA,22939745,PJM,33,124,415831,11673,490021
136,14711,Investor Owned,,,PA,8736471,PJM,116,266,116899,9,152062
137,14716,Investor Owned,,,PA,2667075,PJM,285,945,33132,362,42669
138,14715,Investor Owned,,,PA,25450251,PJM,27,145,482385,11451,576325
141,15248,Investor Owned,,,OR,17423803,PGE,53,38,791119,11739,901603
142,15263,Investor Owned,,,WV,3544301,PJM,240,219,126158,6181,146666
143,15270,Investor Owned,,,MD,7350708,PJM,137,196,97887,8742,118653
144,15470,Investor Owned,,,IN,26322902,MISO,25,29,745027,1822,852004
145,15466,Investor Owned,,,CO,28847908,PSCO,22,26,1298707,39606,1517920
146,15472,Investor Owned,,,NH,4097476,ISNE,208,211,81427,7775,109561
147,15473,Investor Owned,,,NM,8945883,PNM,114,79,476522,23640,535206
148,15474,Investor Owned,,,OK,17702245,SWPP,52,67,483536,478,562618
149,15477,Investor Owned,,,NJ,21835878,PJM,36,22,1783500,54288,2033058
150,15500,Investor Owned,,,WA,20088222,PSEI,43,33,1039596,10741,1181469
151,16183,Investor Owned,,,NY,3761792,NYIS,227,310,41523,2281,59501
152,16213,Investor Owned,,,NJ,971606,PJM,529,361,60749,882,68395
154,17881,Investor Owned (Acquired),,,MO,NA,0,NA,NA,NA,NA,NA
155,16609,Investor Owned,,,CA,14398115,CISO,64,19,1311290,213720,1464831
156,16687,Investor Owned (Acquired),,,GA,NA,SERC,NA,NA,NA,NA,NA
157,17166,Investor Owned,,,NV,9208624,NEVP,109,118,309987,4794,358669
158,17535,Investor Owned (Acquired),2008,,WI,NA,MAIN,NA,NA,NA,NA,NA
159,17539,Investor Owned,,,SC,21261356,SCEG,38,30,653376,11351,758495
161,17609,Investor Owned,,,CA,58845770,CISO,4,2,3432735,396515,3921820
163,17633,Investor Owned,,,IN,4495185,MISO,192,148,129606,808,148707
164,17698,Investor Owned,,,TX,6735474,SWPP,144,142,152519,354,187482
166,17718,Investor Owned,,,TX,13286957,SWPP,68,107,214908,273,272869
167,18336,Investor Owned,,,WI,744129,MISO,637,740,12767,NA,15013
170,18454,Investor Owned,,,FL,19953730,TEC,45,37,698493,8215,786047
173,44372,Investor Owned (De-regulated),,,TX,NA,ERCOT,NA,NA,NA,NA,NA
174,40051,Investor Owned,,,TX,NA,ERCOT,NA,NA,NA,NA,NA
175,18997,Investor Owned,,,OH,9126696,PJM,112,235,186783,378,216208
176,24211,Investor Owned,,,AZ,9110858,TEPC,113,80,394673,28920,436303
177,19436,Investor Owned,,,MO,30601887,MISO,18,28,1071999,5670,1235266
178,19446,Investor Owned,,,KY,3850451,PJM,222,208,130434,115,145957
179,19497,Investor Owned,,,CT,2780937,ISNE,279,223,77759,14568,95309
181,19578,Investor Owned,,,MI,778348,MISO,616,477,46992,192,53159
182,12698,Investor Owned,,,MO,7979927,SWPP,126,106,291923,2974,331947
186,19876,Investor Owned,,,VA,77691515,PJM,3,5,2277356,213,2539574
187,20169,Investor Owned,,,WA,5461617,AVA,167,144,232273,91,259195
188,20387,Investor Owned,,,PA,11833767,PJM,83,293,140979,1550,179053
189,20404,Investor Owned,,,OH,NA,ERCOT,NA,NA,NA,NA,NA
190,20455,Investor Owned,,,MA,NA,NPCC,NA,NA,NA,NA,NA
191,22500,Investor Owned,,,KS,9467474,SWPP,105,83,335259,854,385961
192,20521,Investor Owned,,,WV,4362043,PJM,197,231,34950,36,41715
193,20847,Investor Owned,,,WI,23012230,MISO,32,27,1024922,2055,1144981
194,20856,Investor Owned,,,WI,10741682,MISO,95,76,418151,2017,479907
195,20860,Investor Owned,,,WI,10616479,MISO,96,82,396357,1073,451063
200,774,Investor Owned (Acquired),,,ME,NA,0,NA,NA,NA,NA,NA
210,12341,Investor Owned,,,IA,24424675,MISO,31,40,604126,1270,704560
213,12524,Cooperative,,,KS,1392109,SWPP,420,379,29744,NA,49931
215,13428,Investor Owned,,,TX,NA,SPP,NA,NA,NA,NA,NA
140,15086,Investor Owned,,,WI,17845,MISO,2161,2089,1940,NA,2224
218,689,Cooperative,,,MN,1991732,MISO,339,257,125058,394,137055
225,19840,Cooperative,,,NV,547944,NEVP,810,655,20699,1144,23302
228,8699,Cooperative,,,WA,939315,BPAT,541,575,37782,285,41665
238,12919,Investor Owned,,,AZ,2668638,WALC,284,468,2305,3,2696
281,9417,Investor Owned,,,IA,13864405,MISO,67,46,407849,5312,494552
282,44372,Investor Owned,,,TX,NA,ERCOT,NA,NA,NA,NA,NA
288,19728,Investor Owned,,,AZ,1808947,TEPC,357,326,89139,4191,100998
422,15045,Investor Owned,,,PA,52125,NYIS,1931,1865,2798,5,3518
428,19390,Investor Owned,,,PA,747640,PJM,634,564,55041,103,62796
290,24590,Investor Owned,,,NH,690890,ISNE,673,429,61462,1069,70968
300,19547,Investor Owned,,,HI,6183094,HECO,152,45,273777,56462,307378
403,3461,Investor Owned,,,WY,1727689,WACM,374,344,38343,468,43485
416,13206,Investor Owned,,,MA,147961,ISNE,1636,1520,10056,127,11419
418,13697,Investor Owned,,,WI,35637,MISO,2023,1892,4732,34,5216
309,54913,Investor Owned,,,MA,16916490,ISNE,54,57,646426,48907,775485
315,55937,Investor Owned,,,TX,18676578,MISO,47,54,410753,974,468749
432,56146,Investor Owned,,,CO,1911627,PSCO,351,259,86197,1429,98407
443,56697,Investor Owned,,,IL,26014001,MISO,26,104,600344,6279,699315
454,11241,Investor Owned,,2015,LA,53896350,MISO,7,17,946440,11981,1098249
514,#N/A,Investor Owned,,,TX,NA,0,NA,NA,NA,NA,NA
519,60631,Investor Owned,,,MI,1708477,MISO,377,422,32849,35,36896
522,57483,Investor Owned,,,CA,554358,CISO,803,565,44013,291,50210
537,17612,Investor Owned,,,CA,136299,CISO,1667,1054,22967,451,24474
165,17699,Investor Owned (De-regulated),,,TX,NA,ERCOT,NA,NA,NA,NA,NA
